"","calves","adults"
"season 1",517.931315731703,1976.95063958566
"season 2",1438.81292173362,2190.55937778009
